,name,date,open,high,low,close,volume,adj_close
489,TDM,2018-10-24,22.5,22.5,19.8,21.0,20030,20.14
488,TDM,2018-10-25,19.6,20.2,19.6,20.0,3400,19.18
487,TDM,2018-10-26,20.1,20.1,20.1,20.1,10,19.28
486,TDM,2018-10-29,20.1,20.1,19.7,19.7,1960,18.9
485,TDM,2018-10-30,19.7,19.7,18.6,18.7,360,17.94
484,TDM,2018-10-31,19.6,19.6,18.7,18.7,2100,17.94
483,TDM,2018-11-01,18.9,19.4,18.9,19.3,4050,18.51
482,TDM,2018-11-02,19.3,19.3,19.25,19.25,1800,18.47
481,TDM,2018-11-05,19.3,19.3,19.0,19.0,12400,18.23
480,TDM,2018-11-06,19.3,19.4,19.0,19.05,46470,18.27
479,TDM,2018-11-07,19.1,19.5,19.1,19.5,600,18.7
478,TDM,2018-11-08,19.1,19.7,19.1,19.5,22460,18.7
477,TDM,2018-11-09,19.1,19.1,19.1,19.1,1500,18.32
476,TDM,2018-11-12,19.1,19.4,19.1,19.35,3430,18.56
475,TDM,2018-11-13,19.1,19.15,19.1,19.1,14840,18.32
474,TDM,2018-11-14,19.1,19.5,19.1,19.35,5190,18.56
473,TDM,2018-11-15,19.3,19.3,19.2,19.25,8140,18.47
472,TDM,2018-11-16,19.4,19.4,19.1,19.1,3970,18.32
471,TDM,2018-11-19,19.1,19.1,19.0,19.0,11800,18.23
470,TDM,2018-11-20,18.6,19.3,18.6,19.3,3100,18.51
469,TDM,2018-11-21,19.3,19.3,19.1,19.1,10330,18.32
468,TDM,2018-11-22,19.3,19.5,19.2,19.2,41420,18.42
467,TDM,2018-11-23,19.45,19.45,19.1,19.1,9540,18.32
466,TDM,2018-11-26,19.6,19.6,19.1,19.4,13120,18.61
465,TDM,2018-11-27,19.2,19.3,19.0,19.0,19590,18.23
464,TDM,2018-11-28,19.0,19.1,18.9,19.1,9610,18.32
463,TDM,2018-11-29,19.6,19.6,18.1,18.6,8950,17.84
462,TDM,2018-11-30,19.9,19.9,18.1,18.3,13390,17.55
461,TDM,2018-12-03,19.0,19.5,18.5,19.5,2860,18.7
460,TDM,2018-12-04,18.7,19.5,18.7,19.3,34230,18.51
459,TDM,2018-12-05,19.3,19.5,19.3,19.3,2440,18.51
458,TDM,2018-12-06,19.0,19.3,19.0,19.1,19630,18.32
457,TDM,2018-12-07,19.1,19.2,19.1,19.1,10190,18.32
456,TDM,2018-12-10,19.2,19.2,19.2,19.2,20080,18.42
455,TDM,2018-12-11,19.3,19.3,19.3,19.3,720,18.51
454,TDM,2018-12-12,19.3,19.3,19.2,19.2,1430,18.42
453,TDM,2018-12-13,19.5,19.5,19.2,19.4,21250,18.61
452,TDM,2018-12-14,19.3,19.3,19.2,19.2,11480,18.42
451,TDM,2018-12-17,19.3,19.3,19.2,19.2,870,18.42
450,TDM,2018-12-18,19.5,19.5,19.2,19.2,710,18.42
449,TDM,2018-12-19,19.2,19.2,19.0,19.0,4780,18.23
448,TDM,2018-12-20,19.3,19.3,19.1,19.1,3320,18.32
447,TDM,2018-12-21,19.4,19.4,19.4,19.4,10,18.61
446,TDM,2018-12-24,19.05,19.45,19.05,19.05,21660,18.27
445,TDM,2018-12-25,19.4,19.4,19.4,19.4,1500,18.61
444,TDM,2018-12-26,19.2,20.6,19.2,20.6,15100,19.76
443,TDM,2018-12-27,19.9,21.0,19.5,21.0,59440,20.14
442,TDM,2018-12-28,20.5,20.5,19.6,20.1,15560,19.28
441,TDM,2019-01-02,19.9,20.0,19.1,19.9,1060,19.09
440,TDM,2019-01-03,19.9,19.9,19.9,19.9,0,19.09
439,TDM,2019-01-04,19.0,19.0,19.0,19.0,1000,18.23
438,TDM,2019-01-07,19.0,19.8,19.0,19.8,1010,18.99
437,TDM,2019-01-08,19.1,19.7,19.05,19.7,15290,18.9
436,TDM,2019-01-09,19.7,19.7,19.15,19.5,2060,18.7
435,TDM,2019-01-10,19.6,19.6,19.2,19.2,1030,18.42
434,TDM,2019-01-11,19.2,19.2,19.2,19.2,4230,18.42
433,TDM,2019-01-14,19.2,19.2,19.2,19.2,10,18.42
432,TDM,2019-01-15,19.1,19.15,18.9,19.15,12610,18.37
431,TDM,2019-01-16,19.15,19.15,19.15,19.15,10,18.37
430,TDM,2019-01-17,19.15,19.25,19.15,19.25,9590,18.47
429,TDM,2019-01-18,19.3,19.3,19.1,19.1,2810,18.32
428,TDM,2019-01-21,19.1,19.1,19.1,19.1,810,18.32
427,TDM,2019-01-22,19.1,19.1,18.5,19.1,2810,18.32
426,TDM,2019-01-23,19.0,19.0,19.0,19.0,10,18.23
425,TDM,2019-01-24,19.5,19.7,18.9,18.9,9630,18.13
424,TDM,2019-01-25,19.0,19.0,18.8,18.8,6320,18.03
423,TDM,2019-01-28,19.1,19.5,19.1,19.5,48200,18.7
422,TDM,2019-01-29,19.4,19.5,19.3,19.5,57850,18.7
421,TDM,2019-01-30,19.5,19.6,19.5,19.5,37520,18.7
420,TDM,2019-01-31,19.5,19.7,19.5,19.6,13110,18.8
419,TDM,2019-02-01,19.6,19.6,19.6,19.6,3000,18.8
418,TDM,2019-02-11,19.6,19.8,19.6,19.6,28250,18.8
417,TDM,2019-02-12,19.6,19.7,19.6,19.6,12790,18.8
416,TDM,2019-02-13,19.85,20.9,19.85,20.8,241730,19.95
415,TDM,2019-02-14,20.9,21.45,20.9,21.4,473140,20.53
414,TDM,2019-02-15,21.8,22.0,21.5,21.8,182490,20.91
413,TDM,2019-02-18,21.8,21.8,21.5,21.55,233000,20.67
412,TDM,2019-02-19,21.6,23.05,21.5,22.75,1154360,21.82
411,TDM,2019-02-20,23.0,23.95,22.9,23.25,280530,22.3
410,TDM,2019-02-21,23.4,23.5,22.8,23.0,302790,22.06
409,TDM,2019-02-22,23.0,23.8,22.7,23.5,554260,22.54
408,TDM,2019-02-25,23.5,23.95,23.5,23.95,322870,22.97
407,TDM,2019-02-26,24.0,24.35,23.7,24.3,343280,23.31
406,TDM,2019-02-27,24.3,25.75,24.1,25.5,1008260,24.46
405,TDM,2019-02-28,26.0,26.3,25.1,25.35,425230,24.32
404,TDM,2019-03-01,25.35,25.8,25.0,25.5,551910,24.46
403,TDM,2019-03-04,25.95,25.95,25.0,25.15,421780,24.12
402,TDM,2019-03-05,25.2,26.3,25.15,25.9,437420,24.84
401,TDM,2019-03-06,26.0,26.25,25.8,26.0,244820,24.94
400,TDM,2019-03-07,26.0,26.6,25.7,26.0,342560,24.94
399,TDM,2019-03-08,25.5,26.1,25.3,26.1,179650,25.04
398,TDM,2019-03-11,26.5,26.5,26.0,26.1,282200,25.04
397,TDM,2019-03-12,26.1,26.15,26.0,26.0,249190,24.94
396,TDM,2019-03-13,26.0,26.2,26.0,26.0,577960,24.94
395,TDM,2019-03-14,26.0,27.8,25.7,27.3,526650,26.19
394,TDM,2019-03-15,27.5,28.3,27.25,28.0,754640,26.86
393,TDM,2019-03-18,28.0,28.4,28.0,28.3,673870,27.15
392,TDM,2019-03-19,28.3,28.8,28.0,28.6,640310,27.43
391,TDM,2019-03-20,28.5,28.7,28.0,28.6,505790,27.43
390,TDM,2019-03-21,28.6,29.2,28.6,28.6,370520,27.43
389,TDM,2019-03-22,28.6,29.0,28.0,28.8,204210,27.63
388,TDM,2019-03-25,28.6,28.6,27.5,28.2,626490,27.05
387,TDM,2019-03-26,28.0,28.5,28.0,28.5,475210,27.34
386,TDM,2019-03-27,28.55,28.6,28.4,28.5,682630,27.34
385,TDM,2019-03-28,28.2,30.45,28.1,30.0,631340,28.78
384,TDM,2019-03-29,30.0,30.1,29.3,29.9,403230,28.68
383,TDM,2019-04-01,29.95,29.95,29.3,29.5,170760,28.3
382,TDM,2019-04-02,29.15,30.0,29.15,29.8,302760,28.58
381,TDM,2019-04-03,29.9,30.25,29.6,30.2,479270,28.97
380,TDM,2019-04-04,30.6,30.7,30.0,30.6,295930,29.35
379,TDM,2019-04-05,30.6,30.6,29.4,29.5,533010,28.3
378,TDM,2019-04-08,29.5,30.0,29.0,29.85,394410,28.63
377,TDM,2019-04-09,30.3,30.3,28.1,28.7,166550,27.53
376,TDM,2019-04-10,28.1,29.0,28.1,28.9,354640,27.72
375,TDM,2019-04-11,28.9,29.2,28.1,28.8,283920,27.63
374,TDM,2019-04-12,28.7,28.8,26.8,28.5,395870,27.34
373,TDM,2019-04-16,27.8,28.6,27.6,28.6,84130,27.43
372,TDM,2019-04-17,28.6,28.8,28.2,28.2,87470,27.05
371,TDM,2019-04-18,28.2,28.4,28.1,28.1,202350,26.95
370,TDM,2019-04-19,28.1,28.5,28.0,28.4,40060,27.24
369,TDM,2019-04-22,28.4,28.4,28.0,28.35,32530,27.19
368,TDM,2019-04-23,28.4,28.4,27.8,28.3,43910,27.15
367,TDM,2019-04-24,28.3,29.5,28.1,28.8,234570,27.63
366,TDM,2019-04-25,29.1,29.1,28.6,28.8,23420,27.63
365,TDM,2019-04-26,29.0,29.8,28.8,29.6,192940,28.39
364,TDM,2019-05-02,29.6,30.2,29.6,29.95,87180,28.73
363,TDM,2019-05-03,30.0,30.0,28.9,29.0,26860,27.82
362,TDM,2019-05-06,29.0,29.5,28.7,29.3,28750,28.11
361,TDM,2019-05-07,29.5,29.5,28.5,28.65,48140,27.48
360,TDM,2019-05-08,28.5,28.95,28.5,28.65,34790,27.48
359,TDM,2019-05-09,28.65,28.9,28.55,28.7,15960,27.53
358,TDM,2019-05-10,28.7,29.0,28.5,28.75,11010,27.58
357,TDM,2019-05-13,29.2,29.2,28.5,28.55,48920,27.39
356,TDM,2019-05-14,28.5,28.75,28.05,28.55,220300,27.39
355,TDM,2019-05-15,29.0,29.0,28.4,28.5,100450,27.34
354,TDM,2019-05-16,28.5,28.55,27.8,27.8,251220,26.67
353,TDM,2019-05-17,28.2,28.2,27.2,27.25,198650,26.14
352,TDM,2019-05-20,27.25,28.0,27.15,27.7,39140,26.57
351,TDM,2019-05-21,27.7,27.7,27.1,27.3,27350,26.19
350,TDM,2019-05-22,27.55,28.0,27.15,27.55,167050,26.43
349,TDM,2019-05-23,27.6,27.7,27.5,27.6,13600,26.47
348,TDM,2019-05-24,27.5,27.7,27.45,27.55,113950,26.43
347,TDM,2019-05-27,27.55,27.95,27.45,27.6,21680,26.47
346,TDM,2019-05-28,27.6,28.1,27.5,27.9,250340,26.76
345,TDM,2019-05-29,28.2,29.5,27.9,29.0,388580,27.82
344,TDM,2019-05-30,29.5,29.5,29.0,29.2,148610,28.01
343,TDM,2019-05-31,29.0,29.2,28.6,28.6,83970,27.43
342,TDM,2019-06-03,28.5,28.5,27.8,28.0,143130,26.86
341,TDM,2019-06-04,28.0,29.0,28.0,28.4,41550,27.24
340,TDM,2019-06-05,28.4,28.5,28.0,28.2,65520,27.05
339,TDM,2019-06-06,28.5,28.7,28.15,28.7,65040,27.53
338,TDM,2019-06-07,28.7,30.7,28.7,30.7,926500,29.45
337,TDM,2019-06-10,31.2,31.3,30.7,31.0,349600,29.74
336,TDM,2019-06-11,31.0,32.35,30.8,32.0,387290,30.7
335,TDM,2019-06-12,32.0,32.0,31.5,32.0,229490,30.7
334,TDM,2019-06-13,32.0,32.0,31.6,31.6,185920,30.31
333,TDM,2019-06-14,31.6,31.95,31.1,31.1,189820,29.83
332,TDM,2019-06-17,31.1,31.6,31.0,31.55,185180,30.26
331,TDM,2019-06-18,32.0,32.0,31.2,31.7,89610,30.41
330,TDM,2019-06-19,31.9,33.0,31.9,31.9,466570,30.6
329,TDM,2019-06-20,31.9,32.2,31.2,31.85,180790,30.55
328,TDM,2019-06-21,31.7,31.9,31.4,31.7,83450,30.41
327,TDM,2019-06-24,31.7,32.8,31.5,32.5,255010,31.17
326,TDM,2019-06-25,32.5,33.0,31.8,31.95,184790,30.65
325,TDM,2019-06-26,32.1,32.4,31.8,32.1,99870,30.79
324,TDM,2019-06-27,32.2,32.95,31.7,32.2,187010,30.89
323,TDM,2019-06-28,31.95,32.3,31.7,31.95,169830,30.65
322,TDM,2019-07-01,32.3,32.5,32.0,32.3,83060,30.98
321,TDM,2019-07-02,33.3,33.85,32.4,33.3,379610,31.94
320,TDM,2019-07-03,33.5,33.5,33.0,33.1,139490,31.75
319,TDM,2019-07-04,33.5,33.5,33.1,33.45,155710,32.09
318,TDM,2019-07-05,33.4,33.45,31.5,31.5,650590,30.22
317,TDM,2019-07-08,31.2,31.9,30.5,31.9,301910,30.6
316,TDM,2019-07-09,31.5,31.8,31.05,31.2,100330,29.93
315,TDM,2019-07-10,31.2,31.75,30.7,31.2,136900,29.93
314,TDM,2019-07-11,31.7,31.7,31.0,31.0,176430,29.74
313,TDM,2019-07-12,31.0,31.3,30.9,30.9,116670,29.64
312,TDM,2019-07-15,31.0,31.2,30.8,30.9,97160,29.64
311,TDM,2019-07-16,30.9,31.65,30.9,31.5,120290,30.22
310,TDM,2019-07-17,31.6,31.6,31.0,31.0,107680,29.74
309,TDM,2019-07-18,31.6,31.5,30.9,31.5,105330,30.22
308,TDM,2019-07-19,31.6,32.85,31.5,32.6,528640,31.27
307,TDM,2019-07-22,32.9,33.0,32.25,32.6,107330,31.27
306,TDM,2019-07-23,32.7,32.7,32.2,32.6,101130,31.27
305,TDM,2019-07-24,32.6,32.6,32.3,32.45,112520,31.13
304,TDM,2019-07-25,32.5,33.4,32.5,32.5,255990,31.17
303,TDM,2019-07-26,32.05,32.35,30.9,31.9,137820,30.6
302,TDM,2019-07-29,31.9,31.9,30.9,31.25,127160,29.98
301,TDM,2019-07-30,31.1,31.15,29.5,30.0,425930,28.78
300,TDM,2019-07-31,29.2,30.9,29.2,30.6,143620,29.35
299,TDM,2019-08-01,30.5,31.5,30.3,31.5,106920,30.22
298,TDM,2019-08-02,31.0,31.3,30.8,30.9,193960,29.64
297,TDM,2019-08-05,30.5,30.9,30.05,30.8,242490,29.54
296,TDM,2019-08-06,30.0,31.4,30.0,31.0,247950,29.74
295,TDM,2019-08-07,30.0,32.5,31.0,32.5,463070,31.17
294,TDM,2019-08-08,32.95,32.95,32.15,32.4,164610,31.08
293,TDM,2019-08-09,32.5,34.0,32.5,33.0,242750,31.65
292,TDM,2019-08-12,33.0,33.0,32.3,32.35,91840,31.03
291,TDM,2019-08-13,32.1,33.1,31.5,32.35,181290,31.03
290,TDM,2019-08-14,32.35,33.0,32.3,32.35,150480,31.03
289,TDM,2019-08-15,31.55,32.5,31.55,32.35,78810,31.03
288,TDM,2019-08-16,32.35,32.35,31.75,31.8,162930,30.5
287,TDM,2019-08-19,31.75,32.1,31.6,31.8,105960,30.5
286,TDM,2019-08-20,32.4,32.4,30.9,31.0,256300,29.74
285,TDM,2019-08-21,31.0,31.4,30.8,31.2,96690,29.93
284,TDM,2019-08-22,31.0,31.4,30.95,31.0,91730,29.74
283,TDM,2019-08-23,31.0,31.1,30.8,31.0,34880,29.74
282,TDM,2019-08-26,30.6,31.4,30.6,31.4,81490,30.12
281,TDM,2019-08-27,31.4,32.15,30.95,31.0,75100,29.74
280,TDM,2019-08-28,31.35,31.35,30.6,30.6,124370,29.35
279,TDM,2019-08-29,30.6,30.95,30.2,30.6,71130,29.35
278,TDM,2019-08-30,30.5,30.9,30.5,30.8,121970,29.54
277,TDM,2019-09-03,30.7,30.85,30.4,30.8,31390,29.54
276,TDM,2019-09-04,30.7,31.0,30.5,30.8,45620,29.54
275,TDM,2019-09-05,30.6,30.9,30.6,30.8,61570,29.54
274,TDM,2019-09-06,31.3,31.3,30.65,30.65,64610,29.4
273,TDM,2019-09-09,30.8,30.8,30.55,30.7,22600,29.45
272,TDM,2019-09-10,30.7,30.85,30.55,30.7,83130,29.45
271,TDM,2019-09-11,30.8,30.95,30.3,30.7,55590,29.45
270,TDM,2019-09-12,30.3,30.65,29.2,29.2,246990,28.01
269,TDM,2019-09-13,30.3,30.3,29.2,29.2,139420,28.01
268,TDM,2019-09-16,29.2,29.5,28.8,28.8,212980,27.63
267,TDM,2019-09-17,29.2,29.0,28.55,28.85,63440,27.67
266,TDM,2019-09-18,29.2,28.9,28.6,28.7,26420,27.53
265,TDM,2019-09-19,28.55,28.95,28.5,28.9,72660,27.72
264,TDM,2019-09-20,28.55,28.95,28.4,28.8,95050,27.63
263,TDM,2019-09-23,28.25,28.75,28.25,28.45,57800,27.29
262,TDM,2019-09-24,28.5,28.5,28.25,28.4,51160,27.24
261,TDM,2019-09-25,28.3,28.8,28.25,28.8,41560,27.63
260,TDM,2019-09-26,29.6,29.6,28.55,28.9,58390,27.72
259,TDM,2019-09-27,28.6,28.6,28.2,28.35,95140,27.19
258,TDM,2019-09-30,28.2,28.7,28.0,28.4,81540,27.24
257,TDM,2019-10-01,28.8,28.8,28.3,28.5,38160,27.34
256,TDM,2019-10-02,28.45,28.8,28.3,28.5,76820,27.34
255,TDM,2019-10-03,28.3,28.5,28.25,28.45,49960,27.29
254,TDM,2019-10-04,28.75,28.75,28.3,28.7,47540,27.53
253,TDM,2019-10-07,28.35,28.6,28.2,28.3,36610,27.15
252,TDM,2019-10-08,28.35,28.75,27.85,27.9,395390,26.76
251,TDM,2019-10-09,28.25,28.25,27.8,28.0,12800,26.86
250,TDM,2019-10-10,28.0,28.0,27.7,27.85,21460,26.71
249,TDM,2019-10-11,27.8,27.9,27.5,27.9,41540,26.76
248,TDM,2019-10-14,27.6,27.9,27.3,27.3,72800,26.19
247,TDM,2019-10-15,27.3,27.95,27.2,27.5,36860,26.38
246,TDM,2019-10-16,27.95,28.1,27.7,27.95,8140,26.81
245,TDM,2019-10-17,28.0,28.0,27.5,27.5,92880,26.38
244,TDM,2019-10-18,27.4,27.7,27.3,27.7,34420,26.57
243,TDM,2019-10-21,27.7,27.7,27.25,27.5,30840,26.38
242,TDM,2019-10-22,27.5,27.5,26.1,27.0,55220,25.9
241,TDM,2019-10-23,26.1,27.3,26.1,27.3,89390,26.19
240,TDM,2019-10-24,27.0,27.3,26.7,27.25,16380,26.14
239,TDM,2019-10-25,27.2,27.2,26.8,27.0,27980,25.9
238,TDM,2019-10-28,27.0,27.1,26.9,27.0,8500,25.9
237,TDM,2019-10-29,27.0,27.1,26.95,26.95,20060,25.85
236,TDM,2019-10-30,27.4,27.4,26.9,27.0,4660,25.9
235,TDM,2019-10-31,27.0,27.3,26.85,26.9,17780,25.8
234,TDM,2019-11-01,26.9,26.9,26.4,26.4,19800,25.32
233,TDM,2019-11-04,26.4,27.0,25.85,25.85,131280,24.8
232,TDM,2019-11-05,25.85,26.0,25.5,25.9,79850,24.84
231,TDM,2019-11-06,25.9,26.3,25.8,25.85,26340,24.8
230,TDM,2019-11-07,25.9,27.15,25.85,27.0,68920,25.9
229,TDM,2019-11-08,27.0,27.05,26.2,26.55,23100,25.47
228,TDM,2019-11-11,26.8,26.8,26.3,26.3,34160,25.23
227,TDM,2019-11-12,26.75,26.75,26.0,26.7,13670,25.61
226,TDM,2019-11-13,26.7,26.7,26.35,26.6,4320,25.52
225,TDM,2019-11-14,26.2,26.65,26.0,26.5,15390,25.42
224,TDM,2019-11-15,26.5,26.8,26.4,26.5,12230,25.42
223,TDM,2019-11-18,26.5,26.75,25.6,25.6,121140,24.56
222,TDM,2019-11-19,25.6,26.0,25.6,26.0,23550,24.94
221,TDM,2019-11-20,26.4,26.4,26.0,26.0,58390,24.94
220,TDM,2019-11-21,26.0,26.0,25.65,25.8,22490,24.75
219,TDM,2019-11-22,25.2,26.2,25.2,25.2,59530,24.17
218,TDM,2019-11-25,25.4,25.4,25.05,25.05,41480,24.03
217,TDM,2019-11-26,25.15,25.4,25.0,25.0,67970,23.98
216,TDM,2019-11-27,25.0,25.8,24.8,25.2,380390,24.17
215,TDM,2019-11-28,25.0,25.65,25.0,25.65,16040,24.6
214,TDM,2019-11-29,25.75,26.9,25.65,26.9,27960,25.8
213,TDM,2019-12-02,26.9,26.9,26.0,26.5,62420,25.42
212,TDM,2019-12-03,26.55,26.6,26.2,26.5,48490,25.42
211,TDM,2019-12-04,26.8,27.0,26.0,26.5,74170,25.42
210,TDM,2019-12-05,26.5,26.5,26.05,26.45,16680,25.37
209,TDM,2019-12-06,26.05,26.5,26.0,26.45,25500,25.37
208,TDM,2019-12-09,26.5,26.5,26.1,26.3,57690,25.23
207,TDM,2019-12-10,26.0,26.6,26.0,26.6,18730,25.52
206,TDM,2019-12-11,26.1,26.6,26.05,26.6,48720,25.52
205,TDM,2019-12-12,27.5,27.5,26.5,26.6,37160,25.52
204,TDM,2019-12-13,27.45,27.45,26.25,26.55,71790,25.47
203,TDM,2019-12-16,26.55,26.55,26.2,26.55,41610,25.47
202,TDM,2019-12-17,26.4,26.7,26.0,26.45,44330,25.37
201,TDM,2019-12-18,26.4,26.45,26.1,26.45,43050,25.37
200,TDM,2019-12-19,26.4,26.5,26.4,26.5,29150,25.42
199,TDM,2019-12-20,26.5,26.5,26.0,26.4,120170,25.32
198,TDM,2019-12-23,26.4,26.4,25.7,25.8,62430,24.75
197,TDM,2019-12-24,25.9,25.9,25.6,25.7,52570,24.65
196,TDM,2019-12-25,25.7,25.8,25.0,25.8,34970,24.75
195,TDM,2019-12-26,25.8,25.8,25.3,25.7,80800,24.65
194,TDM,2019-12-27,25.7,26.25,25.5,25.9,58410,24.84
193,TDM,2019-12-30,25.7,25.7,25.2,25.7,9610,25.54
192,TDM,2019-12-31,25.7,26.0,25.25,25.7,65290,25.54
191,TDM,2020-01-02,26.0,26.0,25.3,25.8,2320,25.64
190,TDM,2020-01-03,25.5,25.8,25.3,25.35,16870,25.19
189,TDM,2020-01-06,26.0,26.0,25.2,25.2,35540,25.04
188,TDM,2020-01-07,25.2,25.9,25.0,25.6,59620,25.44
187,TDM,2020-01-08,25.7,25.7,25.0,25.5,41060,25.34
186,TDM,2020-01-09,25.9,25.9,25.3,25.6,52960,25.44
185,TDM,2020-01-10,25.35,25.75,25.35,25.6,990,25.44
184,TDM,2020-01-13,25.6,25.6,25.2,25.4,28900,25.24
183,TDM,2020-01-14,25.3,25.4,25.3,25.4,46320,25.24
182,TDM,2020-01-15,25.2,25.65,24.9,25.0,105630,24.84
181,TDM,2020-01-16,25.0,25.25,25.0,25.25,86780,25.09
180,TDM,2020-01-17,25.25,25.3,24.95,25.0,115280,24.84
179,TDM,2020-01-20,25.0,25.1,23.85,24.5,55860,24.35
178,TDM,2020-01-21,24.3,24.9,24.0,24.4,19870,24.25
177,TDM,2020-01-22,24.3,24.7,24.0,24.0,34530,23.85
176,TDM,2020-01-30,24.7,24.7,23.6,24.0,27700,23.85
175,TDM,2020-01-31,24.0,24.2,23.65,23.65,11670,23.5
174,TDM,2020-02-03,22.0,22.7,22.0,22.0,234740,21.86
173,TDM,2020-02-04,22.2,22.5,21.2,21.3,48130,21.17
172,TDM,2020-02-05,22.1,22.1,20.9,21.0,87620,20.87
171,TDM,2020-02-06,21.1,21.5,20.8,21.1,823210,20.97
170,TDM,2020-02-07,21.1,22.0,21.1,21.25,418700,21.12
169,TDM,2020-02-10,21.9,22.5,21.35,21.9,352550,21.76
168,TDM,2020-02-11,22.2,23.0,22.0,23.0,472100,22.86
167,TDM,2020-02-12,23.3,23.7,23.0,23.1,485180,22.95
166,TDM,2020-02-13,23.1,23.1,22.5,22.7,244180,22.56
165,TDM,2020-02-14,22.55,22.7,22.1,22.15,430680,22.01
164,TDM,2020-02-17,22.5,22.7,22.1,22.15,280500,22.01
163,TDM,2020-02-18,22.3,22.9,22.25,22.65,334060,22.51
162,TDM,2020-02-19,23.0,23.5,23.0,23.15,327650,23.0
161,TDM,2020-02-20,23.2,23.25,22.6,22.7,297540,22.56
160,TDM,2020-02-21,22.7,22.7,22.35,22.45,230500,22.31
159,TDM,2020-02-24,22.0,22.2,21.8,22.15,235130,22.01
158,TDM,2020-02-25,22.0,22.55,21.95,22.5,87270,22.36
157,TDM,2020-02-26,22.05,22.55,22.05,22.2,69070,22.06
156,TDM,2020-02-27,22.45,22.65,22.25,22.6,142570,22.46
155,TDM,2020-02-28,22.5,22.75,22.0,22.6,137190,22.46
154,TDM,2020-03-02,22.6,23.5,22.6,23.45,264450,23.3
153,TDM,2020-03-03,23.5,23.7,23.0,23.15,123740,23.0
152,TDM,2020-03-04,23.1,23.3,22.75,22.8,145310,22.66
151,TDM,2020-03-05,22.7,22.8,22.3,22.3,230460,22.16
150,TDM,2020-03-06,22.3,22.5,22.05,22.5,180680,22.36
149,TDM,2020-03-09,21.9,21.9,20.95,20.95,562450,20.82
148,TDM,2020-03-10,20.25,21.4,20.25,21.4,86780,21.27
147,TDM,2020-03-11,21.65,21.7,20.1,20.8,126590,20.67
146,TDM,2020-03-12,19.8,20.0,19.35,19.6,368360,19.48
145,TDM,2020-03-13,18.8,19.7,18.4,19.5,266680,19.38
144,TDM,2020-03-16,19.5,19.55,18.95,19.0,197920,18.88
143,TDM,2020-03-17,19.1,19.25,18.7,19.1,172370,18.98
142,TDM,2020-03-18,19.4,19.5,19.15,19.3,110020,19.18
141,TDM,2020-03-19,19.0,19.2,18.7,18.7,157300,18.58
140,TDM,2020-03-20,19.1,19.1,18.1,18.2,216970,18.09
139,TDM,2020-03-23,18.3,18.3,16.95,16.95,340230,16.84
138,TDM,2020-03-24,16.3,17.0,15.8,15.8,1095710,15.7
137,TDM,2020-03-25,16.6,16.6,15.0,16.3,1155220,16.3
136,TDM,2020-03-26,16.55,16.6,15.9,16.0,379110,16.0
135,TDM,2020-03-27,16.0,16.3,16.0,16.05,450090,16.05
134,TDM,2020-03-30,15.95,16.3,15.4,16.0,352030,16.0
133,TDM,2020-03-31,16.2,16.7,15.55,15.7,359410,15.7
132,TDM,2020-04-01,15.55,16.35,15.55,16.35,135820,16.35
131,TDM,2020-04-03,16.1,17.45,16.1,17.25,236630,17.25
130,TDM,2020-04-06,17.75,18.25,17.3,18.1,208810,18.1
129,TDM,2020-04-07,18.1,18.2,17.3,17.4,345580,17.4
128,TDM,2020-04-08,17.1,17.5,17.05,17.5,224540,17.5
127,TDM,2020-04-09,17.6,18.1,17.55,17.95,338470,17.95
126,TDM,2020-04-10,17.95,18.0,17.75,18.0,95830,18.0
125,TDM,2020-04-13,18.0,18.5,18.0,18.2,122820,18.2
124,TDM,2020-04-14,18.2,18.3,17.75,18.0,193450,18.0
123,TDM,2020-04-15,18.45,18.65,17.95,18.4,247250,18.4
122,TDM,2020-04-16,18.2,19.0,18.2,19.0,258820,19.0
121,TDM,2020-04-17,19.0,19.9,19.0,19.45,353890,19.45
120,TDM,2020-04-20,19.3,19.8,18.9,19.45,267990,19.45
119,TDM,2020-04-21,19.0,19.3,18.5,18.6,368090,18.6
118,TDM,2020-04-22,18.2,19.0,18.2,18.8,135070,18.8
117,TDM,2020-04-23,19.5,19.5,18.8,19.0,167070,19.0
116,TDM,2020-04-24,19.0,20.0,18.8,20.0,311420,20.0
115,TDM,2020-04-27,20.5,21.0,20.5,20.8,462450,20.8
114,TDM,2020-04-28,21.0,21.0,20.3,20.8,217750,20.8
113,TDM,2020-04-29,20.75,20.9,20.3,20.75,122380,20.75
112,TDM,2020-05-04,20.3,20.75,20.1,20.2,229310,20.2
111,TDM,2020-05-05,20.7,20.7,20.1,20.3,151990,20.3
110,TDM,2020-05-06,20.5,20.9,20.3,20.4,138160,20.4
109,TDM,2020-05-07,20.8,20.85,20.5,20.6,201010,20.6
108,TDM,2020-05-08,20.9,20.9,20.5,20.6,139420,20.6
107,TDM,2020-05-11,20.7,20.9,20.6,20.7,124960,20.7
106,TDM,2020-05-12,20.7,21.0,20.7,20.9,199720,20.9
105,TDM,2020-05-13,21.25,21.55,21.0,21.1,191140,21.1
104,TDM,2020-05-14,20.8,21.3,20.8,21.05,122300,21.05
103,TDM,2020-05-15,21.0,21.0,20.6,20.65,329840,20.65
102,TDM,2020-05-18,20.6,20.6,20.3,20.5,134260,20.5
101,TDM,2020-05-19,20.7,21.0,20.6,20.8,141320,20.8
100,TDM,2020-05-20,20.6,20.85,20.6,20.75,91480,20.75
99,TDM,2020-05-21,20.75,20.8,20.4,20.65,276820,20.65
98,TDM,2020-05-22,20.7,20.85,20.5,20.85,261510,20.85
97,TDM,2020-05-25,20.85,21.95,20.85,21.95,602810,21.95
96,TDM,2020-05-26,22.1,22.8,22.1,22.25,216300,22.25
95,TDM,2020-05-27,22.25,22.3,21.6,21.9,193220,21.9
94,TDM,2020-05-28,21.7,21.85,21.25,21.65,249210,21.65
93,TDM,2020-05-29,21.5,21.6,21.3,21.5,108500,21.5
92,TDM,2020-06-01,21.5,21.9,21.5,21.75,89010,21.75
91,TDM,2020-06-02,21.9,21.9,21.45,21.45,126610,21.45
90,TDM,2020-06-03,21.6,21.6,21.45,21.55,92880,21.55
89,TDM,2020-06-04,21.8,21.9,21.6,21.9,163180,21.9
88,TDM,2020-06-05,22.3,23.4,21.9,22.9,354590,22.9
87,TDM,2020-06-08,23.1,23.85,23.1,23.6,429090,23.6
86,TDM,2020-06-09,23.6,23.7,23.2,23.3,143030,23.3
85,TDM,2020-06-10,23.1,24.0,22.85,23.65,255290,23.65
84,TDM,2020-06-11,23.9,24.25,23.5,23.5,351760,23.5
83,TDM,2020-06-12,22.5,23.6,22.4,23.25,301750,23.25
82,TDM,2020-06-15,23.25,23.7,22.8,23.1,288860,23.1
81,TDM,2020-06-16,23.1,23.7,23.1,23.6,247660,23.6
80,TDM,2020-06-17,23.6,24.5,23.55,23.9,308600,23.9
79,TDM,2020-06-18,23.9,24.45,23.8,24.0,231110,24.0
78,TDM,2020-06-19,24.0,24.2,24.0,24.05,176140,24.05
77,TDM,2020-06-22,23.8,24.1,23.75,23.8,193380,23.8
76,TDM,2020-06-23,23.8,24.0,23.7,23.7,100520,23.7
75,TDM,2020-06-24,23.6,23.9,23.45,23.7,123190,23.7
74,TDM,2020-06-25,23.5,24.0,23.45,23.75,76390,23.75
73,TDM,2020-06-26,23.8,24.0,23.7,23.8,44850,23.8
72,TDM,2020-06-29,23.7,23.8,22.5,22.6,97820,22.6
71,TDM,2020-06-30,22.9,23.0,22.6,22.7,164780,22.7
70,TDM,2020-07-01,22.65,23.4,22.6,23.4,49590,23.4
69,TDM,2020-07-02,23.4,23.45,23.2,23.3,37650,23.3
68,TDM,2020-07-03,23.8,23.8,23.0,23.7,85240,23.7
67,TDM,2020-07-06,23.8,24.0,23.5,23.8,141320,23.8
66,TDM,2020-07-07,23.95,24.05,23.65,24.0,119580,24.0
65,TDM,2020-07-08,24.0,24.1,23.8,24.1,138230,24.1
64,TDM,2020-07-09,24.15,24.15,23.95,24.0,118410,24.0
63,TDM,2020-07-10,24.0,24.0,23.8,24.0,66670,24.0
62,TDM,2020-07-13,24.2,24.2,23.9,24.0,116840,24.0
61,TDM,2020-07-14,24.0,24.0,23.6,23.8,62040,23.8
60,TDM,2020-07-15,23.8,23.85,23.75,23.8,27380,23.8
59,TDM,2020-07-16,23.95,24.0,23.9,24.0,98280,24.0
58,TDM,2020-07-17,24.0,24.35,24.0,24.35,110050,24.35
57,TDM,2020-07-20,24.4,24.6,24.25,24.4,81160,24.4
56,TDM,2020-07-21,24.4,24.8,23.9,24.8,91670,24.8
55,TDM,2020-07-22,24.8,25.7,24.75,25.4,227290,25.4
54,TDM,2020-07-23,25.6,25.6,25.0,25.3,59180,25.3
53,TDM,2020-07-24,25.0,25.15,23.55,24.05,129670,24.05
52,TDM,2020-07-27,22.6,23.8,22.4,22.4,297850,22.4
51,TDM,2020-07-28,22.2,23.8,22.2,23.5,72000,23.5
50,TDM,2020-07-29,23.5,23.5,22.5,23.5,239500,23.5
49,TDM,2020-07-30,23.5,24.7,23.5,24.6,196040,24.6
48,TDM,2020-07-31,24.5,25.3,24.1,24.8,222400,24.8
47,TDM,2020-08-03,24.6,25.0,24.6,25.0,71780,25.0
46,TDM,2020-08-04,25.5,25.5,24.8,24.95,170310,24.95
45,TDM,2020-08-05,24.95,25.3,24.8,25.0,292600,25.0
44,TDM,2020-08-06,25.0,25.1,24.8,24.8,199800,24.8
43,TDM,2020-08-07,24.5,24.9,24.5,24.7,128760,24.7
42,TDM,2020-08-10,24.6,24.95,24.0,24.0,423970,24.0
41,TDM,2020-08-11,24.0,24.0,23.75,23.8,434480,23.8
40,TDM,2020-08-12,23.8,23.9,23.55,23.6,420910,23.6
39,TDM,2020-08-13,23.6,24.2,23.5,24.2,381920,24.2
38,TDM,2020-08-14,24.3,24.3,23.6,23.85,155950,23.85
37,TDM,2020-08-17,23.45,23.9,23.45,23.45,214330,23.45
36,TDM,2020-08-18,24.0,24.0,23.6,23.7,306760,23.7
35,TDM,2020-08-19,23.95,24.0,23.75,24.0,278930,24.0
34,TDM,2020-08-20,24.2,24.5,23.8,23.8,190560,23.8
33,TDM,2020-08-21,23.65,24.0,23.65,23.95,141560,23.95
32,TDM,2020-08-24,24.3,24.3,24.0,24.1,254990,24.1
31,TDM,2020-08-25,24.2,24.3,24.1,24.2,257290,24.2
30,TDM,2020-08-26,24.4,24.7,24.2,24.25,286070,24.25
29,TDM,2020-08-27,24.1,25.35,23.95,25.0,862320,25.0
28,TDM,2020-08-28,25.4,25.8,24.9,24.9,734300,24.9
27,TDM,2020-08-31,24.8,25.0,24.25,24.4,319450,24.4
26,TDM,2020-09-01,24.4,24.4,24.1,24.3,271590,24.3
25,TDM,2020-09-03,24.45,24.7,24.0,24.3,459300,24.3
24,TDM,2020-09-04,24.0,24.2,23.9,24.05,379140,24.05
23,TDM,2020-09-07,24.05,24.1,23.45,23.45,600470,23.45
22,TDM,2020-09-08,23.45,24.0,23.4,23.7,287300,23.7
21,TDM,2020-09-09,23.85,23.85,23.55,23.7,205580,23.7
20,TDM,2020-09-10,24.0,24.7,23.9,24.35,357820,24.35
19,TDM,2020-09-21,24.0,24.15,23.75,23.85,226810,23.85
18,TDM,2020-09-22,23.8,23.85,23.7,23.8,229780,23.8
17,TDM,2020-09-23,23.75,23.85,23.6,23.6,313340,23.6
16,TDM,2020-09-24,23.6,23.65,23.35,23.45,331060,23.45
15,TDM,2020-09-25,23.4,23.55,23.4,23.45,243000,23.45
14,TDM,2020-09-28,23.6,23.6,23.35,23.5,201770,23.5
509,TDM,2020-09-29,23.5,24.2,23.35,23.7,401850,23.7
13,TDM,2020-09-29,23.5,24.2,23.35,23.7,401850,23.7
12,TDM,2020-09-30,23.75,23.85,23.55,23.6,143620,23.6
508,TDM,2020-09-30,23.75,23.85,23.55,23.6,143620,23.6
11,TDM,2020-10-01,23.6,23.9,23.6,23.8,209710,23.8
507,TDM,2020-10-01,23.6,23.9,23.6,23.8,209710,23.8
10,TDM,2020-10-02,23.75,23.85,22.15,23.55,280430,23.55
506,TDM,2020-10-02,23.75,23.85,22.15,23.55,280430,23.55
9,TDM,2020-10-05,23.55,23.65,23.5,23.55,141660,23.55
505,TDM,2020-10-05,23.55,23.65,23.5,23.55,141660,23.55
8,TDM,2020-10-06,23.65,23.95,23.6,23.85,322610,23.85
504,TDM,2020-10-06,23.65,23.95,23.6,23.85,322610,23.85
7,TDM,2020-10-07,23.85,24.0,23.75,23.75,161240,23.75
503,TDM,2020-10-07,23.85,24.0,23.75,23.75,161240,23.75
6,TDM,2020-10-08,23.8,23.8,23.3,23.5,302060,23.5
502,TDM,2020-10-08,23.8,23.8,23.3,23.5,302060,23.5
501,TDM,2020-10-09,23.5,23.6,23.3,23.4,104830,23.4
5,TDM,2020-10-09,23.5,23.6,23.3,23.4,104830,23.4
4,TDM,2020-10-12,23.4,23.8,23.35,23.35,112610,23.35
500,TDM,2020-10-12,23.4,23.8,23.35,23.35,112610,23.35
3,TDM,2020-10-13,23.45,23.6,23.4,23.4,198930,23.4
499,TDM,2020-10-13,23.45,23.6,23.4,23.4,198930,23.4
2,TDM,2020-10-14,23.6,23.6,23.3,23.4,154910,23.4
498,TDM,2020-10-14,23.6,23.6,23.3,23.4,154910,23.4
497,TDM,2020-10-15,23.4,23.5,23.25,23.4,157520,23.4
1,TDM,2020-10-15,23.4,23.5,23.25,23.4,157520,23.4
0,TDM,2020-10-16,23.4,23.4,23.2,23.25,180260,23.25
496,TDM,2020-10-16,23.4,23.4,23.2,23.25,180260,23.25
495,TDM,2020-10-19,23.25,23.25,23.05,23.05,182960,23.05
494,TDM,2020-10-20,23.0,23.0,22.7,22.75,472130,22.75
493,TDM,2020-10-21,22.7,22.75,22.35,22.35,649030,22.35
492,TDM,2020-10-22,22.3,23.1,22.3,23.05,179280,23.05
491,TDM,2020-10-23,23.15,23.15,22.8,22.8,62500,22.8
490,TDM,2020-10-26,22.85,23.2,22.5,22.8,163030,22.8
